bug,file,score
bug_report_24.json,vhdlpp_vhdlreal.cc,0.22110971661304896
bug_report_24.json,tgt-null_null.c,0.10913355493838962
bug_report_24.json,vvp_main.cc,0.09516038946544439
bug_report_24.json,tgt-pcb_pcb.cc,0.09431887497838998
bug_report_24.json,tgt-vhdl_vhdl.cc,0.08904712861399758
bug_report_24.json,tgt-vvp_vvp.c,0.05846198800381931
bug_report_24.json,vhdlpp_main.cc,0.05093407664427636
bug_report_24.json,tgt-blif_blif.cc,0.05078351374840344
bug_report_24.json,PNamedItem.h,0.04660032997252245
bug_report_24.json,vvp_stop.cc,0.0459899871308138
bug_report_24.json,tgt-vhdl_stmt.cc,0.045386741916235665
bug_report_24.json,Module.cc,0.04442282342629417
bug_report_24.json,tgt-vlog95_vlog95.c,0.04208867021974327
bug_report_24.json,vpi_event1.c,0.04104472515850339
bug_report_24.json,vpi_lz4.c,0.039991968849618684
bug_report_24.json,src_analyzer.h,0.03998756458235207
bug_report_24.json,tgt-pal_imain.c,0.0395533549312414
bug_report_24.json,elaborate.cc,0.03925730334677814
bug_report_24.json,net_scope.cc,0.038049314468250314
bug_report_24.json,netmisc.cc,0.03645412709551327
bug_report_24.json,vpi_br_gh308.c,0.03607717338115052
bug_report_24.json,vpi_br_gh1041.c,0.034852890640230005
bug_report_24.json,ivlpp_main.c,0.03445055091787236
bug_report_24.json,vhdlpp_vhdlint.h,0.034084014797640366
bug_report_24.json,vvp_vpi_time.cc,0.032888108130279835
bug_report_24.json,elab_expr.cc,0.032818539872080964
bug_report_24.json,vvp_permaheap.h,0.03275342486155072
bug_report_24.json,vhdlpp_library.cc,0.03262357736958669
bug_report_24.json,vhdlpp_parse_types.h,0.031688182385654434
bug_report_24.json,vvp_file_line.cc,0.03000317822153785
bug_report_1.json,tgt-null_null.c,0.2521307200688677
bug_report_1.json,tgt-pcb_pcb.cc,0.234679079971476
bug_report_1.json,vvp_main.cc,0.2156527284195674
bug_report_1.json,tgt-vhdl_vhdl.cc,0.21391474517162598
bug_report_1.json,vhdlpp_main.cc,0.17749499998314675
bug_report_1.json,tgt-vvp_vvp.c,0.16774415109704313
bug_report_1.json,tgt-vlog95_vlog95.c,0.1473180463069086
bug_report_1.json,vpi_pr2966059.c,0.12190962480841312
bug_report_1.json,driver_main.c,0.11866196066889115
bug_report_1.json,vvp_vpi_modules.cc,0.11044821834346417
bug_report_1.json,ivlpp_main.c,0.10717690150667597
bug_report_1.json,tgt-blif_blif.cc,0.10669090652723794
bug_report_1.json,main.cc,0.09044376662585422
bug_report_1.json,vvp_stop.cc,0.08460139509141268
bug_report_1.json,version_base.h,0.08137770967031252
bug_report_1.json,vhdlpp_library.cc,0.07664368970319756
bug_report_1.json,tgt-sizer_sizer.cc,0.06838492786958571
bug_report_1.json,vpi_br_gh1041.c,0.05539452584117714
bug_report_1.json,vhdlpp_parse_misc.cc,0.05420876521449319
bug_report_1.json,tgt-pcb_footprint.cc,0.05054263847527023
bug_report_1.json,vvp_vpi_cobject.cc,0.04929804531836578
bug_report_1.json,link_const.cc,0.049087369981677384
bug_report_1.json,elaborate.cc,0.04857815659379645
bug_report_1.json,netmisc.cc,0.04850605533398063
bug_report_1.json,dosify.c,0.048443849311647386
bug_report_1.json,vhpi_finish.c,0.04761282788767412
bug_report_1.json,libveriuser_a_version.c,0.04593540982446494
bug_report_1.json,libveriuser_a_product_version.c,0.04593540982446494
bug_report_1.json,pform.cc,0.0456650387486072
bug_report_1.json,netlist.h,0.045343684785840936
bug_report_10.json,tgt-vhdl_vhdl_syntax.cc,0.20771981198986006
bug_report_10.json,tgt-null_null.c,0.16977169953542692
bug_report_10.json,tgt-pcb_pcb.cc,0.152534788487651
bug_report_10.json,vvp_main.cc,0.1406505487696488
bug_report_10.json,tgt-vhdl_vhdl.cc,0.1351555297746475
bug_report_10.json,tgt-vlog95_vlog95.c,0.12393828568697932
bug_report_10.json,tgt-vhdl_vhdl_element.cc,0.11775413602008589
bug_report_10.json,tgt-vvp_vvp.c,0.10732237132531315
bug_report_10.json,vhdlpp_scope.cc,0.09929263198931719
bug_report_10.json,tgt-fpga_mangle.c,0.08971268071840931
bug_report_10.json,vhdlpp_main.cc,0.08639818034920893
bug_report_10.json,tgt-vhdl_support.cc,0.08461642831920349
bug_report_10.json,net_scope.cc,0.0812273608797225
bug_report_10.json,libveriuser_nump.c,0.08112120659491696
bug_report_10.json,tgt-sizer_sizer.cc,0.08033086193149541
bug_report_10.json,tgt-vhdl_state.cc,0.0783385339584799
bug_report_10.json,vhdlpp_package.cc,0.0776915063551969
bug_report_10.json,vhdlpp_architec.cc,0.07491330042645761
bug_report_10.json,tgt-blif_blif.cc,0.0728035789029618
bug_report_10.json,PSpec.cc,0.07147394162600833
bug_report_10.json,elaborate.cc,0.07003821468983251
bug_report_10.json,vhdlpp_architec_emit.cc,0.06882100243131789
bug_report_10.json,vhdlpp_architec_elaborate.cc,0.06500303178206662
bug_report_10.json,vpi_br_gh1037.c,0.06440900352902669
bug_report_10.json,vhdlpp_expression.cc,0.060855199392957394
bug_report_10.json,net_event.cc,0.06032643691925012
bug_report_10.json,vhdlpp_subprogram.cc,0.05731062568667676
bug_report_10.json,vvp_stop.cc,0.057287140493215295
bug_report_10.json,vhdlpp_entity_elaborate.cc,0.0570963083435156
bug_report_10.json,elab_expr.cc,0.05601522775299846
bug_report_11.json,src_main.c,0.17771025996615275
bug_report_11.json,libveriuser_math.c,0.16970557656131538
bug_report_11.json,tgt-null_null.c,0.16937216531461335
bug_report_11.json,tgt-pcb_pcb.cc,0.1602330745535637
bug_report_11.json,tgt-vvp_vvp.c,0.14119832905953708
bug_report_11.json,vvp_main.cc,0.13790404036514226
bug_report_11.json,tgt-vhdl_vhdl.cc,0.13005132073431785
bug_report_11.json,tgt-vlog95_vlog95.c,0.10529444904088696
bug_report_11.json,vhdlpp_main.cc,0.09846802790143579
bug_report_11.json,vvp_stop.cc,0.09574655117346866
bug_report_11.json,dosify.c,0.08704156324333055
bug_report_11.json,tgt-blif_blif.cc,0.08124435607322197
bug_report_11.json,vvp_vpi_modules.cc,0.07609143440172664
bug_report_11.json,tgt-sizer_sizer.cc,0.07535132435306317
bug_report_11.json,ivlpp_main.c,0.07238942034698362
bug_report_11.json,vvp_vpi_priv.cc,0.07130559925474454
bug_report_11.json,vpi_br_gh1041.c,0.06657557909229117
bug_report_11.json,main.cc,0.06532417766102264
bug_report_11.json,tgt-vhdl_state.cc,0.06389892848623324
bug_report_11.json,tgt-vhdl_vhdl_syntax.cc,0.06306926689938268
bug_report_11.json,vhdlpp_scope.cc,0.06229740390610233
bug_report_11.json,vhdlpp_parse_misc.cc,0.061529987822011384
bug_report_11.json,elab_lval.cc,0.05888949179436549
bug_report_11.json,pform.cc,0.0560703260062208
bug_report_11.json,vvp_extend.cc,0.05442793155489278
bug_report_11.json,vhdlpp_package.cc,0.05424286496313273
bug_report_11.json,vhdlpp_vtype.cc,0.05276251288061224
bug_report_11.json,vpi_pr2314742.c,0.051700455267822555
bug_report_11.json,tgt-vhdl_vhdl_element.cc,0.0515138550352549
bug_report_11.json,vvp_vpi_time.cc,0.05069147053144918
bug_report_12.json,tgt-null_null.c,0.13589463318777775
bug_report_12.json,elab_lval.cc,0.12901673352709664
bug_report_12.json,tgt-pcb_pcb.cc,0.12534142600900156
bug_report_12.json,vvp_main.cc,0.12519351128721887
bug_report_12.json,tgt-vhdl_vhdl.cc,0.12064472571234343
bug_report_12.json,vvp_event.cc,0.11935684535911895
bug_report_12.json,tgt-vhdl_vhdl_syntax.cc,0.10909769916033524
bug_report_12.json,vhdlpp_scope.cc,0.10770711933362834
bug_report_12.json,tgt-vhdl_state.cc,0.09713739426707008
bug_report_12.json,vvp_island_tran.cc,0.08938034621849317
bug_report_12.json,vhdlpp_architec_emit.cc,0.0880322534046329
bug_report_12.json,tgt-sizer_sizer.cc,0.08410895242681277
bug_report_12.json,vhdlpp_package.cc,0.08327589678301325
bug_report_12.json,vhdlpp_main.cc,0.0832691278148515
bug_report_12.json,tgt-vlog95_vlog95.c,0.08243967796541514
bug_report_12.json,tgt-vvp_vvp.c,0.08202291383488264
bug_report_12.json,vhdlpp_entity_emit.cc,0.08154483569376125
bug_report_12.json,PSpec.cc,0.08098700118852621
bug_report_12.json,vhdlpp_subprogram_emit.cc,0.07980056581318618
bug_report_12.json,tgt-vhdl_vhdl_element.cc,0.0786889411940267
bug_report_12.json,vhdlpp_entity_elaborate.cc,0.07643065016946043
bug_report_12.json,vhdlpp_architec.cc,0.07363961100775265
bug_report_12.json,elab_sig.cc,0.07288344562558902
bug_report_12.json,main.cc,0.07274993014430316
bug_report_12.json,vhdlpp_subprogram.cc,0.07196784887008907
bug_report_12.json,vhdlpp_vtype.cc,0.0717906189221986
bug_report_12.json,pform.cc,0.0701099325666052
bug_report_12.json,elaborate.cc,0.0699234209083385
bug_report_12.json,vhdlpp_library.cc,0.06865265922243356
bug_report_12.json,vhdlpp_sequential_emit.cc,0.06795631796134506
bug_report_13.json,vhdlpp_scope.cc,0.11345473224024297
bug_report_13.json,PSpec.cc,0.0962057475537123
bug_report_13.json,vhdlpp_package.cc,0.084810423478559
bug_report_13.json,tgt-vhdl_state.cc,0.07487865002689097
bug_report_13.json,vhdlpp_architec.cc,0.06895832175360268
bug_report_13.json,Module.cc,0.06710940218451389
bug_report_13.json,vhdlpp_entity_emit.cc,0.06661662324846199
bug_report_13.json,vhdlpp_architec_emit.cc,0.06655968408698722
bug_report_13.json,vhdlpp_subprogram_emit.cc,0.06487336887763101
bug_report_13.json,libveriuser_getlongp.c,0.0640347465763826
bug_report_13.json,tgt-sizer_sizer.cc,0.06305120906539707
bug_report_13.json,main.cc,0.06155121468395407
bug_report_13.json,vhdlpp_architec_elaborate.cc,0.060275100039335006
bug_report_13.json,vhdlpp_vtype.cc,0.05979075541197608
bug_report_13.json,vhdlpp_subprogram.cc,0.058835039792922095
bug_report_13.json,vhdlpp_package_emit.cc,0.05867389045770219
bug_report_13.json,vhdlpp_entity_elaborate.cc,0.05619774592502065
bug_report_13.json,vhdlpp_sequential_emit.cc,0.055176772649128944
bug_report_13.json,pform.cc,0.05398765155892702
bug_report_13.json,tgt-pcb_show_netlist.cc,0.05296802355822076
bug_report_13.json,vhdlpp_entity_stream.cc,0.05276795174726404
bug_report_13.json,elab_sig.cc,0.052278448203979005
bug_report_13.json,eval_attrib.cc,0.05024493212642474
bug_report_13.json,vhdlpp_library.cc,0.04940024815554971
bug_report_13.json,vvp_lib_main.cc,0.04828088713246866
bug_report_13.json,elaborate.cc,0.04815040703480816
bug_report_13.json,load_module.cc,0.0472947810900437
bug_report_13.json,elab_scope.cc,0.04715790330032786
bug_report_13.json,vhdlpp_debug.cc,0.04546130609057925
bug_report_13.json,tgt-vvp_draw_net_input.c,0.04499278375461769
bug_report_14.json,tgt-null_null.c,0.37152957887220656
bug_report_14.json,tgt-pcb_pcb.cc,0.34213013268289166
bug_report_14.json,tgt-vhdl_vhdl.cc,0.28949586410145306
bug_report_14.json,vvp_main.cc,0.2825516341739906
bug_report_14.json,tgt-vvp_vvp.c,0.22355582546866995
bug_report_14.json,tgt-blif_blif.cc,0.19899894580386202
bug_report_14.json,vhdlpp_main.cc,0.19224156727141486
bug_report_14.json,vvp_stop.cc,0.16207562933279912
bug_report_14.json,tgt-vlog95_vlog95.c,0.16185120837878844
bug_report_14.json,ivlpp_main.c,0.12169810224760015
bug_report_14.json,tgt-sizer_sizer.cc,0.11045979262102659
bug_report_14.json,vhdlpp_vtype.cc,0.07467637640014493
bug_report_14.json,vvp_array.cc,0.07371885092403553
bug_report_14.json,main.cc,0.07226577212072392
bug_report_14.json,tgt-vhdl_vhdl_syntax.cc,0.06766526537561413
bug_report_14.json,elaborate.cc,0.06255641938098896
bug_report_14.json,vpi_display_array.c,0.06100457810150421
bug_report_14.json,elab_expr.cc,0.057288461866272046
bug_report_14.json,elab_net.cc,0.05656054213606334
bug_report_14.json,vhdlpp_entity.cc,0.05610876391301303
bug_report_14.json,vpi_sys_readmem.c,0.05601611617623725
bug_report_14.json,vpi_br_gh1041.c,0.05097195208583568
bug_report_14.json,vvp_vvp_net.cc,0.05093804509133768
bug_report_14.json,tgt-pal_imain.c,0.05047853008288831
bug_report_14.json,vpi_v2009_enum.c,0.0492984733188367
bug_report_14.json,tgt-vhdl_vhdl_element.cc,0.04928914372721295
bug_report_14.json,synth2.cc,0.04917710555923709
bug_report_14.json,pform.cc,0.04890008843469754
bug_report_14.json,vhdlpp_expression.cc,0.048127418185326155
bug_report_14.json,Attrib.cc,0.04806233611422701
bug_report_15.json,tgt-null_null.c,0.32769780378819685
bug_report_15.json,tgt-pcb_pcb.cc,0.28301425729141383
bug_report_15.json,tgt-vhdl_vhdl.cc,0.2652697306147367
bug_report_15.json,vvp_main.cc,0.26346381381106554
bug_report_15.json,vhdlpp_main.cc,0.22448157143935413
bug_report_15.json,vpi_vcd_priv.c,0.21448676862027008
bug_report_15.json,tgt-vvp_vvp.c,0.1826085021992305
bug_report_15.json,tgt-vlog95_vlog95.c,0.15814105463336026
bug_report_15.json,tgt-blif_blif.cc,0.1371910666055412
bug_report_15.json,tgt-pcb_pcb_priv.h,0.13537080698002896
bug_report_15.json,ivlpp_main.c,0.11874356221675925
bug_report_15.json,vpi_br_gh317.c,0.09926802670012769
bug_report_15.json,tgt-pcb_scope.cc,0.09481726025062634
bug_report_15.json,tgt-sizer_sizer.cc,0.09467901733617912
bug_report_15.json,main.cc,0.08786044196409486
bug_report_15.json,vvp_stop.cc,0.08722294265822682
bug_report_15.json,vpi_vhdl_textio.c,0.0791548138994327
bug_report_15.json,tgt-pcb_footprint.cc,0.07232109681846143
bug_report_15.json,tgt-vhdl_state.cc,0.06765195707004115
bug_report_15.json,driver_main.c,0.06625609852660277
bug_report_15.json,version_base.h,0.06471802401981311
bug_report_15.json,tgt-pal_imain.c,0.05909734139051133
bug_report_15.json,vpi_br_gh1041.c,0.05684953246502337
bug_report_15.json,PUdp.h,0.056676964686020834
bug_report_15.json,elaborate.cc,0.05580452734182828
bug_report_15.json,vhdlpp_ivl_assert.h,0.054776292266926395
bug_report_15.json,pform.cc,0.05441877164814203
bug_report_15.json,libmisc_LineInfo.h,0.05432050214213687
bug_report_15.json,vvp_vpi_modules.cc,0.0540429809282138
bug_report_15.json,elab_expr.cc,0.05395393281731263
bug_report_16.json,dup_expr.cc,0.1279473762729263
bug_report_16.json,net_scope.cc,0.11518488050183334
bug_report_16.json,tgt-pcb_pcb.cc,0.10494230994408689
bug_report_16.json,tgt-null_null.c,0.09637867538328046
bug_report_16.json,net_event.cc,0.09409249796911393
bug_report_16.json,elab_expr.cc,0.09337015453786633
bug_report_16.json,elaborate.cc,0.0885223856904977
bug_report_16.json,vvp_main.cc,0.086940720116037
bug_report_16.json,functor.cc,0.08468147210410665
bug_report_16.json,netlist.cc,0.08419042600464753
bug_report_16.json,vvp_delay.cc,0.08296366466562063
bug_report_16.json,vvp_vpi_modules.cc,0.08013332965926692
bug_report_16.json,pad_to_width.cc,0.07983037847964555
bug_report_16.json,nodangle.cc,0.07770390831707756
bug_report_16.json,synth.cc,0.0770731089948378
bug_report_16.json,tgt-vhdl_vhdl.cc,0.07597519374993264
bug_report_16.json,netmisc.cc,0.0729828333620818
bug_report_16.json,vvp_vpi_string.cc,0.0700349228521302
bug_report_16.json,elab_scope.cc,0.06664693136113928
bug_report_16.json,vhdlpp_library.cc,0.06563572649137313
bug_report_16.json,vhdlpp_vhdlnum.h,0.06410336015108908
bug_report_16.json,vvp_stop.cc,0.06391525659203058
bug_report_16.json,vvp_part.cc,0.0636323762251595
bug_report_16.json,net_design.cc,0.06121453030452878
bug_report_16.json,elab_net.cc,0.06027845116399029
bug_report_16.json,elab_sig.cc,0.06006394466458783
bug_report_16.json,vpi_br_gh1041.c,0.05849296285799829
bug_report_16.json,pform.cc,0.05806684025305189
bug_report_16.json,synth2.cc,0.058025594782443804
bug_report_16.json,eval_tree.cc,0.055810627316604126
bug_report_17.json,tgt-null_null.c,0.36188317033115874
bug_report_17.json,tgt-pcb_pcb.cc,0.33063496196822967
bug_report_17.json,vvp_main.cc,0.3022749506434287
bug_report_17.json,tgt-vhdl_vhdl.cc,0.29609942156857266
bug_report_17.json,vhdlpp_main.cc,0.2527190894504258
bug_report_17.json,tgt-vvp_vvp.c,0.21155409698621205
bug_report_17.json,tgt-vlog95_vlog95.c,0.18275939933466612
bug_report_17.json,tgt-blif_blif.cc,0.15896975706125427
bug_report_17.json,ivlpp_main.c,0.14381300433580022
bug_report_17.json,tgt-sizer_sizer.cc,0.1338807010157668
bug_report_17.json,tgt-vhdl_vhdl_syntax.cc,0.12942185000999934
bug_report_17.json,elab_lval.cc,0.12882543301662278
bug_report_17.json,vvp_stop.cc,0.12093756336430998
bug_report_17.json,main.cc,0.117847979984209
bug_report_17.json,elaborate.cc,0.11560744611983761
bug_report_17.json,elab_expr.cc,0.11157055160395046
bug_report_17.json,vhdlpp_architec_emit.cc,0.1071951612268184
bug_report_17.json,elab_net.cc,0.09931159689726533
bug_report_17.json,vhdlpp_entity_elaborate.cc,0.09442307544177497
bug_report_17.json,elab_sig.cc,0.09329781956090427
bug_report_17.json,tgt-vhdl_state.cc,0.09247239969083323
bug_report_17.json,tgt-vhdl_vhdl_element.cc,0.09240797434385152
bug_report_17.json,vhdlpp_expression.cc,0.09214323091306481
bug_report_17.json,net_scope.cc,0.09172654009094301
bug_report_17.json,vhdlpp_architec_elaborate.cc,0.09002788404448564
bug_report_17.json,vhdlpp_scope.cc,0.08968220442031809
bug_report_17.json,driver_main.c,0.08762605436059806
bug_report_17.json,vhdlpp_subprogram.cc,0.08761159093359545
bug_report_17.json,vpi_br_gh1041.c,0.0867635373590794
bug_report_17.json,vhdlpp_entity_emit.cc,0.08602879930511521
bug_report_18.json,tgt-null_null.c,0.23896132522644029
bug_report_18.json,tgt-pcb_pcb.cc,0.22448645178551122
bug_report_18.json,vvp_main.cc,0.19046582706487464
bug_report_18.json,tgt-vhdl_vhdl.cc,0.18713951739061094
bug_report_18.json,tgt-vlog95_vlog95.c,0.14774241151049275
bug_report_18.json,tgt-vvp_vvp.c,0.13827057793190026
bug_report_18.json,vvp_resolv.h,0.13799073254985558
bug_report_18.json,vvp_stop.cc,0.13179679866911784
bug_report_18.json,vhdlpp_main.cc,0.13054500964872556
bug_report_18.json,tgt-blif_blif.cc,0.1182890018046423
bug_report_18.json,vvp_vpi_modules.cc,0.11063426026667213
bug_report_18.json,vvp_concat.cc,0.10654892168691549
bug_report_18.json,vvp_part.cc,0.10056952382423744
bug_report_18.json,pform.cc,0.10021687071053163
bug_report_18.json,ivlpp_main.c,0.09439844638452263
bug_report_18.json,vvp_sfunc.h,0.09381629135433775
bug_report_18.json,tgt-vhdl_vhdl_syntax.cc,0.09303465579821907
bug_report_18.json,vvp_resolv.cc,0.09151966262829589
bug_report_18.json,vvp_substitute.cc,0.08801958959752348
bug_report_18.json,driver_main.c,0.08739605992445443
bug_report_18.json,vvp_concat.h,0.085297499408187
bug_report_18.json,elab_expr.cc,0.08505856771241818
bug_report_18.json,tgt-sizer_sizer.cc,0.08503694455182473
bug_report_18.json,libveriuser_a_handle_object.c,0.08483183934629922
bug_report_18.json,vpi_br_gh1041.c,0.08250017188714308
bug_report_18.json,vvp_vpi_callback.cc,0.08004316140052409
bug_report_18.json,vhdlpp_library.cc,0.07995014485200105
bug_report_18.json,vpi_table_mod.h,0.07831191826023189
bug_report_18.json,vvp_words.cc,0.0776915160594337
bug_report_18.json,tgt-fpga_mangle.c,0.07761489016813868
bug_report_19.json,tgt-null_null.c,0.6418875314481922
bug_report_19.json,tgt-pcb_pcb.cc,0.5916074912241701
bug_report_19.json,tgt-vhdl_vhdl.cc,0.5019088379821902
bug_report_19.json,vvp_main.cc,0.49142731197105755
bug_report_19.json,vhdlpp_main.cc,0.37965501548378383
bug_report_19.json,tgt-vvp_vvp.c,0.3266563550095902
bug_report_19.json,tgt-vlog95_vlog95.c,0.2999628312810604
bug_report_19.json,tgt-blif_blif.cc,0.2949456808377232
bug_report_19.json,ivlpp_main.c,0.22268193103113806
bug_report_19.json,tgt-sizer_sizer.cc,0.19571451307308688
bug_report_19.json,main.cc,0.13834491943931904
bug_report_19.json,vvp_stop.cc,0.10139734140848651
bug_report_19.json,driver_main.c,0.09952946634763207
bug_report_19.json,tgt-vhdl_state.cc,0.08940010544267085
bug_report_19.json,vhdlpp_scope.cc,0.08287783231317469
bug_report_19.json,vhdlpp_vtype.cc,0.08130254318758631
bug_report_19.json,tgt-vhdl_vhdl_syntax.cc,0.07889120108126696
bug_report_19.json,elaborate.cc,0.07826323671517013
bug_report_19.json,net_scope.cc,0.07700460713566615
bug_report_19.json,Module.cc,0.07643750868103574
bug_report_19.json,vhdlpp_package.cc,0.0738409826961302
bug_report_19.json,vhdlpp_expression.cc,0.07034693971097253
bug_report_19.json,vvp_vpi_modules.cc,0.06950193828996226
bug_report_19.json,vhdlpp_architec.cc,0.06938249635949807
bug_report_19.json,vhdlpp_subprogram.cc,0.06790468427400956
bug_report_19.json,vhdlpp_architec_emit.cc,0.06744538576806812
bug_report_19.json,elab_sig.cc,0.06617152653256021
bug_report_19.json,pform.cc,0.06590083739646409
bug_report_19.json,tgt-vhdl_vhdl_element.cc,0.0647538296193509
bug_report_19.json,vhdlpp_subprogram_emit.cc,0.06390960321056731
bug_report_2.json,tgt-null_null.c,0.28383476644028527
bug_report_2.json,tgt-pcb_pcb.cc,0.2585055475014496
bug_report_2.json,tgt-vhdl_vhdl.cc,0.23285810976094595
bug_report_2.json,vvp_main.cc,0.20930406104874108
bug_report_2.json,vhdlpp_main.cc,0.16961514945077028
bug_report_2.json,tgt-vvp_vvp.c,0.15849284360674504
bug_report_2.json,tgt-vlog95_vlog95.c,0.14480230801319172
bug_report_2.json,tgt-blif_blif.cc,0.12667001689558993
bug_report_2.json,vvp_stop.cc,0.1049796817957474
bug_report_2.json,tgt-sizer_sizer.cc,0.10398418242290217
bug_report_2.json,ivlpp_main.c,0.10207770434873974
bug_report_2.json,vhdlpp_vtype_match.cc,0.09050872345595751
bug_report_2.json,elab_lval.cc,0.07997191791612147
bug_report_2.json,net_link.cc,0.07782995127841537
bug_report_2.json,elaborate.cc,0.07400343229632442
bug_report_2.json,vpi_br_gh1041.c,0.07302562677214147
bug_report_2.json,netstruct.cc,0.0728737175707208
bug_report_2.json,nettypes.h,0.07109084651368038
bug_report_2.json,elab_expr.cc,0.07025746564167981
bug_report_2.json,netdarray.cc,0.06944927096565431
bug_report_2.json,elab_net.cc,0.0669662700161374
bug_report_2.json,vvp_vpi_modules.cc,0.06617613138606222
bug_report_2.json,vvp_vpi_time.cc,0.06562499291370444
bug_report_2.json,net_scope.cc,0.06498350173330861
bug_report_2.json,vvp_vvp_object.h,0.06490656932883364
bug_report_2.json,main.cc,0.06463293074462842
bug_report_2.json,vvp_vvp_darray.cc,0.06273977110392749
bug_report_2.json,vvp_vvp_net.cc,0.06056684278492445
bug_report_2.json,netparray.cc,0.0602095532813874
bug_report_2.json,vvp_vpi_const.cc,0.058338118773082384
bug_report_20.json,tgt-null_null.c,0.2892127097550212
bug_report_20.json,tgt-pcb_pcb.cc,0.2647100837961377
bug_report_20.json,tgt-vhdl_vhdl.cc,0.22628567695085985
bug_report_20.json,vvp_main.cc,0.2212973058116106
bug_report_20.json,tgt-vvp_vvp.c,0.15627084718023135
bug_report_20.json,vhdlpp_main.cc,0.15263324333230535
bug_report_20.json,tgt-vlog95_vlog95.c,0.13426481608117005
bug_report_20.json,tgt-blif_blif.cc,0.1270070992709848
bug_report_20.json,vvp_stop.cc,0.11101485284444397
bug_report_20.json,ivlpp_main.c,0.09850278403903759
bug_report_20.json,elab_scope.cc,0.08781358632630917
bug_report_20.json,PNamedItem.h,0.08459228867977955
bug_report_20.json,tgt-sizer_sizer.cc,0.07975559563675783
bug_report_20.json,tgt-vhdl_vhdl_syntax.cc,0.07009402410773247
bug_report_20.json,elaborate.cc,0.06913324515092682
bug_report_20.json,elab_expr.cc,0.0651566669306991
bug_report_20.json,main.cc,0.05792926136901202
bug_report_20.json,PNamedItem.cc,0.05772434278004432
bug_report_20.json,elaborate_analog.cc,0.05576773331354215
bug_report_20.json,driver_main.c,0.05283016625674416
bug_report_20.json,pform.cc,0.05273124217063844
bug_report_20.json,elab_net.cc,0.050409107707394055
bug_report_20.json,vvp_vpi_modules.cc,0.05030982244688398
bug_report_20.json,net_scope.cc,0.04721155985657908
bug_report_20.json,target.cc,0.047147890256513135
bug_report_20.json,tgt-vhdl_vhdl_element.cc,0.04568122324480752
bug_report_20.json,Module.cc,0.04564183522977681
bug_report_20.json,vhdlpp_architec.cc,0.04463985721224899
bug_report_20.json,vpi_sys_readmem.c,0.044293700502271494
bug_report_20.json,tgt-vhdl_cast.cc,0.04289948407142284
bug_report_21.json,tgt-null_null.c,0.20501308017374203
bug_report_21.json,vvp_main.cc,0.20432179390864666
bug_report_21.json,tgt-pcb_pcb.cc,0.18274655568473466
bug_report_21.json,tgt-vhdl_vhdl.cc,0.15717148701260517
bug_report_21.json,tgt-vhdl_vhdl_syntax.cc,0.1346897496366777
bug_report_21.json,Module.cc,0.11696928991496283
bug_report_21.json,tgt-vvp_vvp.c,0.10814929940820404
bug_report_21.json,vhdlpp_main.cc,0.10004804256323284
bug_report_21.json,vvp_stop.cc,0.0991109717019222
bug_report_21.json,tgt-vlog95_vlog95.c,0.09244390201508088
bug_report_21.json,tgt-blif_blif.cc,0.08660170735309501
bug_report_21.json,elaborate_analog.cc,0.0854477224841207
bug_report_21.json,ivl_alloc.h,0.08402666114177748
bug_report_21.json,pform_dump.cc,0.08358694732976198
bug_report_21.json,vhdlpp_entity_emit.cc,0.0807543843667967
bug_report_21.json,vhdlpp_architec_emit.cc,0.07384844206686952
bug_report_21.json,cadpli_cadpli.c,0.07296708482971268
bug_report_21.json,ivlpp_main.c,0.07295224762049062
bug_report_21.json,tgt-vhdl_vhdl_element.cc,0.07189943509713446
bug_report_21.json,tgt-sizer_sizer.cc,0.07151634992903606
bug_report_21.json,main.cc,0.07094206212914286
bug_report_21.json,vhdlpp_debug.cc,0.07037369866433378
bug_report_21.json,vvp_vpi_modules.cc,0.07018867855377832
bug_report_21.json,vpi_br_gh1037.c,0.06900921494049375
bug_report_21.json,vhdlpp_subprogram_emit.cc,0.06791419401463375
bug_report_21.json,tgt-vhdl_support.cc,0.0649932883298257
bug_report_21.json,vhdlpp_sequential_emit.cc,0.06358591910808101
bug_report_21.json,Module.h,0.06187376166207512
bug_report_21.json,elab_sig.cc,0.059421311542516696
bug_report_21.json,elab_expr.cc,0.05912117867514016
bug_report_22.json,tgt-null_null.c,0.15159122324251267
bug_report_22.json,tgt-pcb_pcb.cc,0.13899054070328987
bug_report_22.json,tgt-vhdl_vhdl.cc,0.12627206756364706
bug_report_22.json,vvp_main.cc,0.12165214090466167
bug_report_22.json,version_base.h,0.10478253272228442
bug_report_22.json,tgt-vhdl_vhdl_syntax.cc,0.09825560156087836
bug_report_22.json,vhdlpp_main.cc,0.08659170005890972
bug_report_22.json,tgt-vvp_vvp.c,0.08023294844391117
bug_report_22.json,tgt-vlog95_vlog95.c,0.08022276458307838
bug_report_22.json,vvp_vpi_time.cc,0.0801015254504802
bug_report_22.json,tgt-blif_blif.cc,0.06969367055903321
bug_report_22.json,vvp_vpi_const.cc,0.06264578908424331
bug_report_22.json,tgt-vvp_draw_delay.c,0.05992355710223832
bug_report_22.json,ivlpp_main.c,0.05830931471774661
bug_report_22.json,libveriuser_a_version.c,0.05684968889189044
bug_report_22.json,libveriuser_a_product_version.c,0.05684968889189044
bug_report_22.json,vvp_vpi_scope.cc,0.05458778273674286
bug_report_22.json,vvp_vpi_priv.h,0.05129561644613891
bug_report_22.json,tgt-vhdl_vhdl_element.cc,0.05118937190349777
bug_report_22.json,vvp_vpi_bit.cc,0.05009400141585583
bug_report_22.json,vvp_vpi_real.cc,0.04856122838780456
bug_report_22.json,vvp_file_line.cc,0.048069115008479546
bug_report_22.json,vpi_br_gh1037.c,0.044901489052950536
bug_report_22.json,tgt-vhdl_cast.cc,0.044613617918439936
bug_report_22.json,vvp_vpi_event.cc,0.044177274828759695
bug_report_22.json,vvp_array_common.cc,0.04363132759692639
bug_report_22.json,elaborate.cc,0.043112465318183885
bug_report_22.json,tgt-sizer_sizer.cc,0.04211095996042193
bug_report_22.json,vpi_br_gh1041.c,0.0419158349255864
bug_report_22.json,vvp_codes.h,0.04130709004225521
bug_report_23.json,pform_dump.cc,0.19563878963205705
bug_report_23.json,vhdlpp_vtype_emit.cc,0.17911897189095932
bug_report_23.json,net_udp.cc,0.16245215492369364
bug_report_23.json,vhdlpp_entity_emit.cc,0.14627041321333456
bug_report_23.json,src_analyzer.h,0.1337993623678343
bug_report_23.json,vhdlpp_debug.cc,0.1337108246253
bug_report_23.json,vhdlpp_expression_emit.cc,0.13362483768810707
bug_report_23.json,vhdlpp_architec_emit.cc,0.12522646739750923
bug_report_23.json,tgt-stub_types.c,0.11781209810605943
bug_report_23.json,vhdlpp_sequential_emit.cc,0.1084849620941845
bug_report_23.json,vpi_table_mod.h,0.1077561679835242
bug_report_23.json,vhdlpp_expression_debug.cc,0.10248292613487883
bug_report_23.json,tgt-verilog_verilog.c,0.09706649788506982
bug_report_23.json,tgt-stub_stub.c,0.09677526477049664
bug_report_23.json,tgt-stub_switches.c,0.09475507353014988
bug_report_23.json,vhdlpp_sequential_debug.cc,0.09145885860334244
bug_report_23.json,vhdlpp_architec_debug.cc,0.08698125509995935
bug_report_23.json,pform_types.cc,0.0864230088831563
bug_report_23.json,tgt-stub_enumerate.c,0.08589361386073407
bug_report_23.json,vhdlpp_vsignal.cc,0.0785739664096195
bug_report_23.json,tgt-stub_constant.c,0.07777439574291384
bug_report_23.json,vhdlpp_subprogram_emit.cc,0.07475983468655163
bug_report_23.json,PGenerate.cc,0.07432406872455286
bug_report_23.json,tgt-pal_dump_final.c,0.07323104947087462
bug_report_23.json,vhdlpp_vtype.cc,0.07126153771567649
bug_report_23.json,tgt-stub_classes.c,0.06941040912679301
bug_report_23.json,src_misc.c,0.06679330710708208
bug_report_23.json,vvp_resolv.cc,0.06604347992108209
bug_report_23.json,net_nex_output.cc,0.06354611302702602
bug_report_23.json,tgt-stub_statement.c,0.059884904737756144
bug_report_25.json,tgt-null_null.c,0.2066586920743125
bug_report_25.json,vvp_array.cc,0.190907494961514
bug_report_25.json,tgt-pcb_pcb.cc,0.1862795642794009
bug_report_25.json,vvp_main.cc,0.17154011573676453
bug_report_25.json,tgt-vhdl_vhdl.cc,0.16206072827345794
bug_report_25.json,vpi_br_gh1041.c,0.14749021717831945
bug_report_25.json,tgt-vvp_vvp.c,0.11644750754110646
bug_report_25.json,vhdlpp_expression_evaluate.cc,0.10946994831112995
bug_report_25.json,vhdlpp_main.cc,0.10253487939443484
bug_report_25.json,tgt-blif_blif.cc,0.09373156567478261
bug_report_25.json,elaborate_analog.cc,0.09204406327381351
bug_report_25.json,tgt-vlog95_vlog95.c,0.09042195743269643
bug_report_25.json,vvp_stop.cc,0.08770527071592396
bug_report_25.json,Module.cc,0.08753460853715868
bug_report_25.json,vvp_vvp_vpi_callback.h,0.07697113813916306
bug_report_25.json,netparray.cc,0.07227910567297358
bug_report_25.json,ivlpp_main.c,0.06353222197342359
bug_report_25.json,vhdlpp_vtype_match.cc,0.05691206037335174
bug_report_25.json,cadpli_cadpli.c,0.05542534265687352
bug_report_25.json,tgt-sizer_sizer.cc,0.05149890315434636
bug_report_25.json,tgt-vhdl_vhdl_syntax.cc,0.04877934807796841
bug_report_25.json,netmisc.cc,0.044924571278375146
bug_report_25.json,Module.h,0.04374023747336075
bug_report_25.json,elaborate.cc,0.04369807422127626
bug_report_25.json,tgt-vvp_stmt_assign.c,0.04341899032823544
bug_report_25.json,vhdlpp_expression_emit.cc,0.04285720724631451
bug_report_25.json,driver-vpi_main.c,0.041839842610622714
bug_report_25.json,main.cc,0.04101276208735079
bug_report_25.json,vvp_vpi_modules.cc,0.03897646961084281
bug_report_25.json,tgt-pal_imain.c,0.03892401754608652
bug_report_26.json,vpi_br_gh1041.c,0.1271534353053131
bug_report_26.json,Module.cc,0.0732015282424435
bug_report_26.json,nettypes.cc,0.06487559611888796
bug_report_26.json,vvp_lib_main.cc,0.0618327857400418
bug_report_26.json,netstruct.h,0.06125481597396128
bug_report_26.json,vpi_fastlz.h,0.059436233120596205
bug_report_26.json,netstruct.cc,0.0552304943073762
bug_report_26.json,elab_type.cc,0.05334468656025172
bug_report_26.json,netparray.h,0.05272383522586436
bug_report_26.json,cadpli_cadpli.c,0.05147733745841622
bug_report_26.json,vvp_main.cc,0.051039967415867124
bug_report_26.json,vpi_display_array.c,0.05032402886715032
bug_report_26.json,netlist.cc,0.050250501654480535
bug_report_26.json,tgt-vvp_vvp_process.c,0.04809138319549917
bug_report_26.json,libveriuser_a_set_value.c,0.04737805620635837
bug_report_26.json,tgt-pal_imain.c,0.04728801457901331
bug_report_26.json,vhdlpp_ivl_assert.h,0.0443463795401971
bug_report_26.json,net_scope.cc,0.043856056103601083
bug_report_26.json,vpi_fastlz.c,0.043563601959437294
bug_report_26.json,ivl_assert.h,0.04344485649267888
bug_report_26.json,dosify.c,0.042918576667104
bug_report_26.json,driver-vpi_main.c,0.040681870875446564
bug_report_26.json,vhdlpp_vtype.cc,0.039538776790116345
bug_report_26.json,vvp_array.cc,0.03905100952972047
bug_report_26.json,tgt-stub_stub.c,0.038447442260072795
bug_report_26.json,vvp_array_common.cc,0.0383617774064811
bug_report_26.json,synth.cc,0.03744840578110893
bug_report_26.json,vpi_ports_params.c,0.03503867203402879
bug_report_26.json,elaborate.cc,0.03494517484388988
bug_report_26.json,Module.h,0.034808524493949944
bug_report_27.json,elab_lval.cc,0.2297711966544894
bug_report_27.json,tgt-null_null.c,0.1331998373292102
bug_report_27.json,PWire.cc,0.13097268905830914
bug_report_27.json,vvp_main.cc,0.12072210963232761
bug_report_27.json,tgt-pcb_pcb.cc,0.11817674119876542
bug_report_27.json,elab_sig.cc,0.11758367252421283
bug_report_27.json,tgt-vhdl_vhdl.cc,0.10188352884915292
bug_report_27.json,netparray.cc,0.09664051578892388
bug_report_27.json,tgt-pal_fit_reg.c,0.08400971888292709
bug_report_27.json,tgt-vhdl_state.cc,0.08386116380304026
bug_report_27.json,tgt-blif_blif.cc,0.07550170536023745
bug_report_27.json,vhdlpp_expression.cc,0.07430237385984877
bug_report_27.json,tgt-vlog95_vlog95.c,0.07177426341592223
bug_report_27.json,tgt-sizer_sizer.cc,0.07151758425341306
bug_report_27.json,vpi_value_change_cb.c,0.07019069840354686
bug_report_27.json,tgt-vvp_vvp.c,0.06950828070062552
bug_report_27.json,vhdlpp_vtype.cc,0.0692906887992552
bug_report_27.json,pform.cc,0.06893196415816397
bug_report_27.json,vhdlpp_main.cc,0.06836581034612627
bug_report_27.json,vhdlpp_scope.cc,0.0678591111752987
bug_report_27.json,vpi_br_gh1041.c,0.06677266732966528
bug_report_27.json,Module.cc,0.0655087265859346
bug_report_27.json,vvp_stop.cc,0.06487833209626319
bug_report_27.json,tgt-pal_dump_final.c,0.06461750584904218
bug_report_27.json,vhdlpp_subprogram.cc,0.06444862066136439
bug_report_27.json,PScope.cc,0.06330961514342469
bug_report_27.json,vhdlpp_entity.cc,0.06261366474840989
bug_report_27.json,vhdlpp_architec.cc,0.06210799360369228
bug_report_27.json,vvp_vpi_const.cc,0.06207430434471839
bug_report_27.json,vhdlpp_package_emit.cc,0.06134819688862106
bug_report_28.json,src_globals.c,0.23974094709396154
bug_report_28.json,vpi_ports_params.c,0.13843081193994808
bug_report_28.json,vvp_vpi_bit.cc,0.1184692685079787
bug_report_28.json,PNamedItem.h,0.1176689340526045
bug_report_28.json,libveriuser_a_next_topmod.c,0.11359066412031495
bug_report_28.json,vpi_memwide.cc,0.11293364632243705
bug_report_28.json,vvp_vpi_const.cc,0.11219542302009607
bug_report_28.json,vpi_br_gh1041.c,0.11076984439829687
bug_report_28.json,vpi_pokevent.cc,0.1096143679643503
bug_report_28.json,vvp_event.cc,0.10798355828754605
bug_report_28.json,vvp_vpi_time.cc,0.10538909341931124
bug_report_28.json,functor.h,0.10381177794062049
bug_report_28.json,vhdlpp_expression.cc,0.10138160900325434
bug_report_28.json,vvp_vpi_scope.cc,0.10041300823945652
bug_report_28.json,vvp_part.cc,0.0996982290253478
bug_report_28.json,vhdlpp_library.cc,0.09529583323008207
bug_report_28.json,vvp_event.h,0.09251137225968763
bug_report_28.json,vvp_vpi_priv.h,0.09194665711894642
bug_report_28.json,vpi_nulls1.c,0.09025739104048244
bug_report_28.json,tgt-vhdl_scope.cc,0.08931708869065434
bug_report_28.json,pform.cc,0.08722900340559081
bug_report_28.json,vvp_vpi_cobject.cc,0.08716558687528121
bug_report_28.json,Module.h,0.08306617414893229
bug_report_28.json,target.h,0.08162547420451549
bug_report_28.json,vhdlpp_subprogram.cc,0.07853956156515368
bug_report_28.json,Module.cc,0.07794839677100042
bug_report_28.json,vpi_pr2048463.c,0.07742777287955553
bug_report_28.json,elaborate.cc,0.0771759794283808
bug_report_28.json,vhdlpp_vtype.cc,0.0770487917459355
bug_report_28.json,tgt-vhdl_state.cc,0.07624544314001311
bug_report_29.json,vhdlpp_library.cc,0.2576803701817885
bug_report_29.json,vpi_pr2966059.c,0.21055412971153298
bug_report_29.json,tgt-vhdl_logic.cc,0.1458333774232461
bug_report_29.json,PNamedItem.h,0.1400174396866717
bug_report_29.json,vhdlpp_package.h,0.13457479968515396
bug_report_29.json,vvp_vpi_modules.cc,0.11627306551067335
bug_report_29.json,tgt-sizer_scan_logs.cc,0.10959317094313226
bug_report_29.json,vhdlpp_parse_misc.h,0.1041471756069148
bug_report_29.json,functor.h,0.09803865841676132
bug_report_29.json,tgt-pal_enables.c,0.08439635828707494
bug_report_29.json,vhdlpp_package.cc,0.0828369416685932
bug_report_29.json,vhdlpp_package_emit.cc,0.07815447452417852
bug_report_29.json,Module.h,0.07775568629584308
bug_report_29.json,tgt-vvp_stmt_assign.c,0.06795022736250828
bug_report_29.json,tgt-null_null.c,0.06754253677322643
bug_report_29.json,vpi_ports_params.c,0.06742537733746506
bug_report_29.json,PSpec.h,0.06407473006094716
bug_report_29.json,tgt-pcb_pcb.cc,0.06339854786801441
bug_report_29.json,target.h,0.06216037895115752
bug_report_29.json,vvp_main.cc,0.062150057817708375
bug_report_29.json,vhdlpp_subprogram.h,0.061770348249465146
bug_report_29.json,tgt-vhdl_vhdl.cc,0.06122678086945587
bug_report_29.json,vhdlpp_main.cc,0.058859916332152394
bug_report_29.json,vhdlpp_scope.h,0.05819720072272823
bug_report_29.json,link_const.cc,0.05531369993748441
bug_report_29.json,tgt-vvp_vvp.c,0.054013204906959475
bug_report_29.json,vhdlpp_vhdlnum.h,0.05336381288686869
bug_report_29.json,parse_api.h,0.053241292589201634
bug_report_29.json,tgt-vlog95_vlog95.c,0.051389421634705945
bug_report_29.json,netlist.h,0.050312677125515265
bug_report_3.json,tgt-null_null.c,0.25138310157423677
bug_report_3.json,vhdlpp_main.cc,0.23829892347658505
bug_report_3.json,vvp_main.cc,0.2282885496347581
bug_report_3.json,tgt-pcb_pcb.cc,0.21781218008849754
bug_report_3.json,tgt-vhdl_vhdl.cc,0.20981013603186893
bug_report_3.json,vhdlpp_architec_emit.cc,0.1647120655163574
bug_report_3.json,vhdlpp_entity_emit.cc,0.15964455770185143
bug_report_3.json,tgt-blif_blif.cc,0.15942819411625417
bug_report_3.json,Module.cc,0.15818286463495673
bug_report_3.json,vhdlpp_entity_elaborate.cc,0.14690581308514394
bug_report_3.json,vhdlpp_architec_elaborate.cc,0.13136853152218966
bug_report_3.json,vhdlpp_sequential_emit.cc,0.1279716807646778
bug_report_3.json,tgt-vvp_vvp.c,0.1243037609039605
bug_report_3.json,elaborate.cc,0.12417351501228582
bug_report_3.json,vhdlpp_subprogram_emit.cc,0.12212718277181385
bug_report_3.json,vhdlpp_expression_emit.cc,0.11624746279594095
bug_report_3.json,elab_sig.cc,0.11357091102973177
bug_report_3.json,vhdlpp_vtype_emit.cc,0.11274136238520749
bug_report_3.json,elab_lval.cc,0.11031530378420727
bug_report_3.json,tgt-vlog95_vlog95.c,0.10990047106709484
bug_report_3.json,tgt-sizer_sizer.cc,0.10898707340616584
bug_report_3.json,vhdlpp_sequential_elaborate.cc,0.10479966210992062
bug_report_3.json,vhdlpp_package.cc,0.09578629943948729
bug_report_3.json,elab_expr.cc,0.09526769886898065
bug_report_3.json,net_scope.cc,0.0939879148669927
bug_report_3.json,vhdlpp_vtype_elaborate.cc,0.09344308558852005
bug_report_3.json,tgt-vhdl_vhdl_syntax.cc,0.09169521401697144
bug_report_3.json,vvp_stop.cc,0.09118194317523125
bug_report_3.json,vhdlpp_expression.cc,0.09009841132433144
bug_report_3.json,vhdlpp_package_emit.cc,0.08966286237393442
bug_report_30.json,tgt-null_null.c,0.1498751046965119
bug_report_30.json,tgt-pcb_pcb.cc,0.14291228676610684
bug_report_30.json,vvp_main.cc,0.13515094246449424
bug_report_30.json,tgt-vhdl_vhdl.cc,0.1159741228881587
bug_report_30.json,ivlpp_main.c,0.11451178288911049
bug_report_30.json,vhdlpp_main.cc,0.10856328016925543
bug_report_30.json,tgt-vvp_vvp.c,0.10713196675052011
bug_report_30.json,tgt-vlog95_vlog95.c,0.09736410799628982
bug_report_30.json,driver_main.c,0.07588746627324099
bug_report_30.json,tgt-blif_blif.cc,0.07026054478853583
bug_report_30.json,tgt-sizer_sizer.cc,0.06877700711899913
bug_report_30.json,Module.cc,0.06635671966091729
bug_report_30.json,vvp_stop.cc,0.06623521035889987
bug_report_30.json,sv_vpi_user.h,0.06612514636842988
bug_report_30.json,vpi_value_change_cb4.c,0.06414213844479531
bug_report_30.json,vpi_value_change_cb3.c,0.06414213844479531
bug_report_30.json,vpi_value_change_cb1.c,0.06414213844479531
bug_report_30.json,vpi_nextsimtime_cb1.c,0.06414213844479531
bug_report_30.json,vpi_nextsimtime_cb3.c,0.06414213844479531
bug_report_30.json,vpi_sim_time_cb1.c,0.06414213844479531
bug_report_30.json,vpi_nextsimtime_cb4.c,0.06414213844479531
bug_report_30.json,vhdlpp_vhdlnum.h,0.0640381426702114
bug_report_30.json,main.cc,0.06264199779981809
bug_report_30.json,libmisc_StringHeap.cc,0.060856176624727476
bug_report_30.json,vpi_user.h,0.05848406769412365
bug_report_30.json,vpi_br_gh1041.c,0.05620406968734387
bug_report_30.json,vhdlpp_library.cc,0.055716225904641266
bug_report_30.json,elaborate.cc,0.052563236346104256
bug_report_30.json,vhdlpp_scope.cc,0.05061944508103533
bug_report_30.json,vvp_vpi_modules.cc,0.049090900986064216
bug_report_31.json,vvp_vpi_time.cc,0.1358502159474686
bug_report_31.json,tgt-vhdl_vhdl_syntax.cc,0.1184845234268454
bug_report_31.json,libveriuser_asynch.c,0.11231784400350217
bug_report_31.json,vvp_vpi_priv.h,0.1064888201388433
bug_report_31.json,Module.cc,0.10543502445176377
bug_report_31.json,vvp_main.cc,0.10465162742489789
bug_report_31.json,vvp_vpi_const.cc,0.10431514936071577
bug_report_31.json,version_base.h,0.10069474920618167
bug_report_31.json,libveriuser_a_initialize.c,0.09609787873820252
bug_report_31.json,tgt-null_null.c,0.09343022588364082
bug_report_31.json,tgt-vhdl_vhdl.cc,0.09002016564210563
bug_report_31.json,tgt-pcb_pcb.cc,0.0820493404434997
bug_report_31.json,vvp_file_line.cc,0.08057753139861114
bug_report_31.json,vhdlpp_main.cc,0.07862076790444675
bug_report_31.json,tgt-vhdl_vhdl_element.cc,0.07859873734644328
bug_report_31.json,vpi_range1.c,0.07671712633819847
bug_report_31.json,libveriuser_getlongp.c,0.07624852731863888
bug_report_31.json,vhdlpp_scope.cc,0.07490399051644799
bug_report_31.json,vhdlpp_vtype.cc,0.07437407579937608
bug_report_31.json,vpi_br_gh1037.c,0.07361432528844129
bug_report_31.json,libveriuser_a_configure.c,0.07334671813739639
bug_report_31.json,vvp_array_common.h,0.07320658070879728
bug_report_31.json,vvp_vpi_scope.cc,0.07155352579216458
bug_report_31.json,tgt-vlog95_vlog95.c,0.07090548586810533
bug_report_31.json,vvp_vpi_bit.cc,0.07031234301721369
bug_report_31.json,vvp_enum_type.cc,0.0699772159633561
bug_report_31.json,vpi_ports_params.c,0.0699614698524008
bug_report_31.json,vvp_vpi_tasks.cc,0.06908342699729704
bug_report_31.json,main.cc,0.06790260010149655
bug_report_31.json,libveriuser_a_fetch_type_str.c,0.06639686783351739
bug_report_32.json,target.h,0.17742298713122806
bug_report_32.json,functor.h,0.13207539011195718
bug_report_32.json,PNamedItem.h,0.11921568409178065
bug_report_32.json,netlist.h,0.09289978579024347
bug_report_32.json,vvp_vvp_vpi_callback.h,0.07479895056139689
bug_report_32.json,Statement.h,0.0739537519163967
bug_report_32.json,vvp_vvp_darray.h,0.06260727728797319
bug_report_32.json,vvp_vvp_island.h,0.06074932201264934
bug_report_32.json,vvp_ufunc.h,0.058059214985523064
bug_report_32.json,vvp_vvp_net_sig.h,0.05604620122432788
bug_report_32.json,vvp_vpi_priv.h,0.05431015015085883
bug_report_32.json,PExpr.h,0.05345184735395415
bug_report_32.json,PGate.h,0.05284337597685958
bug_report_32.json,vvp_event.h,0.05050022852145054
bug_report_32.json,vhdlpp_vtype.h,0.04921630542932578
bug_report_32.json,tgt-vhdl_stmt.cc,0.04762377866911925
bug_report_32.json,vhdlpp_subprogram_emit.cc,0.04582128299724197
bug_report_32.json,libveriuser_asynch.c,0.04529046239815455
bug_report_32.json,PTask.h,0.04405942886436549
bug_report_32.json,AStatement.h,0.044045499448139874
bug_report_32.json,nettypes.h,0.04400209393136298
bug_report_32.json,vvp_vpi_scope.cc,0.04390722636777712
bug_report_32.json,vpi_v2009_table.c,0.04352718617888689
bug_report_32.json,synth.cc,0.0433897443661432
bug_report_32.json,vhdlpp_library.h,0.04306878451992784
bug_report_32.json,vhdlpp_subprogram.h,0.042957337532815526
bug_report_32.json,tgt-vhdl_logic.cc,0.04279567003781289
bug_report_32.json,vhdlpp_architec.h,0.042626892725092236
bug_report_32.json,libmisc_LineInfo.h,0.042368728442962904
bug_report_32.json,vvp_resolv.h,0.0414441963613631
bug_report_33.json,functor.h,0.19883351704433214
bug_report_33.json,PNamedItem.h,0.16904918084996687
bug_report_33.json,target.h,0.16016527717716028
bug_report_33.json,tgt-null_null.c,0.1436870927773332
bug_report_33.json,tgt-pcb_pcb.cc,0.12602889727895625
bug_report_33.json,tgt-vhdl_stmt.cc,0.12372245899809525
bug_report_33.json,Module.h,0.12187496246748002
bug_report_33.json,vhdlpp_std_funcs.cc,0.1188766913241509
bug_report_33.json,tgt-vhdl_vhdl.cc,0.11836606862556574
bug_report_33.json,vvp_main.cc,0.11772513089789964
bug_report_33.json,tgt-vhdl_cast.cc,0.11274673537391772
bug_report_33.json,netlist.h,0.1111651671022786
bug_report_33.json,PSpec.h,0.10804017313262815
bug_report_33.json,elaborate.cc,0.10460714310135386
bug_report_33.json,vhdlpp_parse_misc.h,0.10050422104130557
bug_report_33.json,vvp_vvp_vpi_callback.h,0.09744793470793607
bug_report_33.json,net_scope.cc,0.09111871313338137
bug_report_33.json,vhdlpp_vhdlnum.h,0.08843988598069924
bug_report_33.json,parse_api.h,0.08807145279513161
bug_report_33.json,Statement.h,0.08708156345578197
bug_report_33.json,elab_expr.cc,0.08644864760340454
bug_report_33.json,vhdlpp_library.h,0.08491613920802538
bug_report_33.json,PScope.h,0.08361469185113798
bug_report_33.json,vvp_vpi_scope.cc,0.0831690860475801
bug_report_33.json,vvp_event.h,0.08277025086816195
bug_report_33.json,AStatement.h,0.08204289409324732
bug_report_33.json,pform.cc,0.08055437521874606
bug_report_33.json,dup_expr.cc,0.08041746942935546
bug_report_33.json,expr_synth.cc,0.0802831522856831
bug_report_33.json,util.h,0.07940194849307773
bug_report_34.json,vvp_class_type.h,0.3672278042066686
bug_report_34.json,src_analyzer.h,0.19485099505953604
bug_report_34.json,vpi_table_mod.h,0.08816601556241015
bug_report_34.json,vpi_getp.c,0.07699780740593563
bug_report_34.json,tgt-null_null.c,0.07218111644803107
bug_report_34.json,vvp_main.cc,0.06911209200972629
bug_report_34.json,net_tran.cc,0.06524857374806407
bug_report_34.json,tgt-vhdl_vhdl.cc,0.06445032438275586
bug_report_34.json,Module.cc,0.06393459075979085
bug_report_34.json,tgt-pcb_pcb.cc,0.0601611321409465
bug_report_34.json,vvp_class_type.cc,0.057966668804701006
bug_report_34.json,vpi_putp.c,0.05670342728473392
bug_report_34.json,vpi_mipname.c,0.055318775123583686
bug_report_34.json,vhdlpp_parse_types.h,0.05291006163297937
bug_report_34.json,PNamedItem.h,0.052512173969175346
bug_report_34.json,vvp_vpi_time.cc,0.04831534392736695
bug_report_34.json,vhdlpp_vhdlint.h,0.04809481135731042
bug_report_34.json,net_scope.cc,0.047369864549519955
bug_report_34.json,vvp_vvp_cobject.h,0.04712958005251398
bug_report_34.json,Module.h,0.0461719856505959
bug_report_34.json,elaborate.cc,0.045714746111987496
bug_report_34.json,vvp_array_common.cc,0.0456281223579062
bug_report_34.json,elab_expr.cc,0.04405268738602474
bug_report_34.json,vvp_array.h,0.04328448018090979
bug_report_34.json,pform_types.h,0.04317499249771092
bug_report_34.json,cadpli_cadpli.c,0.04292606285743429
bug_report_34.json,vvp_vpi_priv.h,0.042457988618474295
bug_report_34.json,netmisc.cc,0.04236097953221824
bug_report_34.json,vvp_vvp_island.cc,0.04170469292237058
bug_report_34.json,vpi_timescale.c,0.041390565831908206
bug_report_35.json,vvp_event.cc,0.12472793778287296
bug_report_35.json,vvp_island_tran.cc,0.10495686017109668
bug_report_35.json,libveriuser_a_set_value.c,0.10202431924370794
bug_report_35.json,tgt-vlog95_vlog95.c,0.0919265933578549
bug_report_35.json,tgt-pcb_pcb.cc,0.07965067187647698
bug_report_35.json,libveriuser_a_fetch_value.c,0.07729840139970123
bug_report_35.json,tgt-vhdl_vhdl.cc,0.07561936835719446
bug_report_35.json,libveriuser_getlongp.c,0.07511241241943213
bug_report_35.json,vpi_range1.c,0.072845703340704
bug_report_35.json,tgt-null_null.c,0.06993024770476967
bug_report_35.json,vpi_br_gh1041.c,0.06762709980090592
bug_report_35.json,vvp_vpi_modules.cc,0.06596617621260036
bug_report_35.json,vvp_main.cc,0.06297586778214434
bug_report_35.json,vpi_br_gh308.c,0.06282934439782348
bug_report_35.json,libveriuser_a_configure.c,0.0627554630551429
bug_report_35.json,vvp_vvp_darray.cc,0.05865193776237165
bug_report_35.json,dosify.c,0.05669835461196423
bug_report_35.json,vpi_memwide.cc,0.055298328531290734
bug_report_35.json,vpi_hello_poke.c,0.05506543096052202
bug_report_35.json,vpi_listparams.c,0.05478583189713431
bug_report_35.json,vpi_scanmem3.cc,0.0528731630771605
bug_report_35.json,libveriuser_putp.c,0.05252833538070453
bug_report_35.json,tgt-vvp_vvp.c,0.05142177264802877
bug_report_35.json,vvp_part.cc,0.05109840558758408
bug_report_35.json,libveriuser_getp.c,0.05056399204547258
bug_report_35.json,Module.cc,0.049559902438762536
bug_report_35.json,tgt-vhdl_cast.cc,0.04917416535687247
bug_report_35.json,vpi_hello_vpi1.c,0.04910829738163786
bug_report_35.json,vpi_scanmem2.cc,0.04866313778827984
bug_report_35.json,vpi_start_of_simtime1.c,0.04850640486394152
bug_report_36.json,tgt-null_null.c,0.18110266364713343
bug_report_36.json,tgt-pcb_pcb.cc,0.16635901162693026
bug_report_36.json,vvp_main.cc,0.15534085974162373
bug_report_36.json,tgt-vhdl_vhdl.cc,0.14386153674428714
bug_report_36.json,vhdlpp_main.cc,0.11907767652243284
bug_report_36.json,vpi_value_change_cb.c,0.10538233458950742
bug_report_36.json,tgt-vvp_vvp.c,0.09806488883477803
bug_report_36.json,tgt-vlog95_vlog95.c,0.0953038757457748
bug_report_36.json,tgt-blif_blif.cc,0.09261468535679548
bug_report_36.json,vpi_br_gh117.c,0.08434338525238716
bug_report_36.json,vvp_stop.cc,0.0816335515054481
bug_report_36.json,load_module.cc,0.07775055183419251
bug_report_36.json,ivlpp_main.c,0.07596874884632962
bug_report_36.json,vpi_br_gh235.c,0.07281180398538613
bug_report_36.json,main.cc,0.06529716063392346
bug_report_36.json,elaborate.cc,0.06508430224601632
bug_report_36.json,tgt-sizer_sizer.cc,0.06022096505534394
bug_report_36.json,elab_expr.cc,0.0584528600282157
bug_report_36.json,vpi_sim_time_cb.c,0.05806909982058439
bug_report_36.json,elab_net.cc,0.05400229409149801
bug_report_36.json,vpi_nextsimtime_cb.c,0.051501270980893625
bug_report_36.json,driver_main.c,0.050280447398220414
bug_report_36.json,vvp_vpi_callback.cc,0.050114740248112785
bug_report_36.json,net_link.cc,0.049859672329426105
bug_report_36.json,vhdlpp_expression.cc,0.04573816521172581
bug_report_36.json,vvp_lib_main.cc,0.04561510187126769
bug_report_36.json,vpi_ports_params.c,0.04490574157635464
bug_report_36.json,elab_lval.cc,0.044517585970160034
bug_report_36.json,tgt-fpga_gates.c,0.04338539317176862
bug_report_36.json,netlist.cc,0.043343638994696156
bug_report_37.json,elab_sig.cc,0.22096493745403825
bug_report_37.json,src_analyzer.h,0.1206468926395314
bug_report_37.json,elaborate.cc,0.11028954551824971
bug_report_37.json,PPackage.h,0.09825245276653137
bug_report_37.json,tgt-vhdl_vhdl.cc,0.09446347091960107
bug_report_37.json,vvp_main.cc,0.09048916026344632
bug_report_37.json,Module.cc,0.08929151240934718
bug_report_37.json,tgt-null_null.c,0.08747266350791766
bug_report_37.json,Module.h,0.08673018716278405
bug_report_37.json,elab_lval.cc,0.08507305886289791
bug_report_37.json,elab_net.cc,0.08455319185374223
bug_report_37.json,elab_scope.cc,0.08212739898986877
bug_report_37.json,tgt-pcb_pcb.cc,0.07909084342997094
bug_report_37.json,vhdlpp_main.cc,0.07656860861862624
bug_report_37.json,PTask.h,0.07434455354712013
bug_report_37.json,elab_expr.cc,0.07180415665137055
bug_report_37.json,PPackage.cc,0.07108374245886132
bug_report_37.json,pform.cc,0.07058236982754616
bug_report_37.json,main.cc,0.0691359362344896
bug_report_37.json,tgt-blif_blif.cc,0.06818174375494765
bug_report_37.json,vpi_sys_random_mti.c,0.06775001049030611
bug_report_37.json,PExpr.cc,0.06768119536121162
bug_report_37.json,src_misc.h,0.0673788718218179
bug_report_37.json,src_vcd.h,0.06525083671304836
bug_report_37.json,vpi_table_mod.h,0.06511015787762789
bug_report_37.json,vhdlpp_package.h,0.06451469330469467
bug_report_37.json,vhdlpp_sequential_elaborate.cc,0.062347099421806544
bug_report_37.json,vhdlpp_vtype_elaborate.cc,0.06231040965538729
bug_report_37.json,symbol_search.cc,0.061319873818700854
bug_report_37.json,src_globals.h,0.06090658660578132
bug_report_38.json,dup_expr.cc,0.10450263750880173
bug_report_38.json,pad_to_width.cc,0.09661103871934631
bug_report_38.json,vvp_delay.cc,0.07569526030105266
bug_report_38.json,synth.cc,0.07196867946730011
bug_report_38.json,net_event.cc,0.07144926898109072
bug_report_38.json,netmisc.cc,0.06449979125080856
bug_report_38.json,vvp_vpi_modules.cc,0.06362172376232665
bug_report_38.json,pform_dump.cc,0.06244887350857146
bug_report_38.json,load_module.cc,0.05601373162406494
bug_report_38.json,vvp_island_tran.cc,0.051984689427421425
bug_report_38.json,vvp_part.cc,0.05175477799478982
bug_report_38.json,vhdlpp_vtype_emit.cc,0.0496028685132931
bug_report_38.json,async.cc,0.04959007405785462
bug_report_38.json,eval_attrib.cc,0.04872492060890763
bug_report_38.json,vhdlpp_expression_emit.cc,0.04848381728292842
bug_report_38.json,tgt-vvp_draw_delay.c,0.047837133150413914
bug_report_38.json,driver_main.c,0.046390534547604466
bug_report_38.json,vhdlpp_vtype_elaborate.cc,0.04542333213143442
bug_report_38.json,cprop.cc,0.044040589097524147
bug_report_38.json,tgt-vvp_draw_net_input.c,0.043643592311087116
bug_report_38.json,vhdlpp_entity_emit.cc,0.04239251675668613
bug_report_38.json,net_nex_input.cc,0.04221374185344357
bug_report_38.json,vhdlpp_debug.cc,0.041579087806652225
bug_report_38.json,elab_expr.cc,0.040259409565786115
bug_report_38.json,vvp_stop.cc,0.03862056479416572
bug_report_38.json,vhdlpp_sequential_emit.cc,0.03858751135936094
bug_report_38.json,vhdlpp_architec_emit.cc,0.038442188379499836
bug_report_38.json,src_globals.c,0.03783232947071819
bug_report_38.json,tgt-blif_nex_data.cc,0.03654540440290846
bug_report_38.json,vpi_stringheap.c,0.03583257833884024
bug_report_39.json,tgt-null_null.c,0.3424024386408164
bug_report_39.json,tgt-pcb_pcb.cc,0.3174395725788511
bug_report_39.json,tgt-vhdl_vhdl.cc,0.28274549561958395
bug_report_39.json,vvp_main.cc,0.26597464860690667
bug_report_39.json,vhdlpp_main.cc,0.219213963936053
bug_report_39.json,src_analyzer.h,0.1954067874624904
bug_report_39.json,tgt-vvp_vvp.c,0.18251720492376802
bug_report_39.json,tgt-vlog95_vlog95.c,0.14668537547088156
bug_report_39.json,tgt-blif_blif.cc,0.14613609878618777
bug_report_39.json,vpi_table_mod.h,0.14268996527153233
bug_report_39.json,ivlpp_main.c,0.1228244881565993
bug_report_39.json,vvp_stop.cc,0.11533367279749727
bug_report_39.json,tgt-vhdl_vhdl_syntax.cc,0.10684055981917533
bug_report_39.json,driver_main.c,0.09998211824967085
bug_report_39.json,main.cc,0.09787900795140944
bug_report_39.json,pform_package.cc,0.09708805813337464
bug_report_39.json,vhdlpp_library.cc,0.08963469808956062
bug_report_39.json,tgt-vhdl_state.cc,0.08513837608480765
bug_report_39.json,tgt-vhdl_vhdl_element.cc,0.08449571021477267
bug_report_39.json,tgt-sizer_sizer.cc,0.08402876962171528
bug_report_39.json,pform_types.cc,0.08390392940071094
bug_report_39.json,vvp_vpi_modules.cc,0.07875827538254423
bug_report_39.json,vhdlpp_expression.cc,0.07811037671704206
bug_report_39.json,netstruct.cc,0.07770079015954702
bug_report_39.json,t-dll.h,0.07007533455394317
bug_report_39.json,elaborate.cc,0.06976556458018336
bug_report_39.json,elab_type.cc,0.06736498634378207
bug_report_39.json,elab_expr.cc,0.06652436626705886
bug_report_39.json,src_main.c,0.06326541606464113
bug_report_39.json,netmisc.cc,0.0622838195095401
bug_report_4.json,vhdlpp_parse_wrap.h,0.15404590679133093
bug_report_4.json,vvp_vvp_vpi.cc,0.1535767483346005
bug_report_4.json,elab_sig_analog.cc,0.15340741991786203
bug_report_4.json,vpi_nextsimtime_cb4.c,0.1420800183401546
bug_report_4.json,vpi_sim_time_cb1.c,0.1420800183401546
bug_report_4.json,vpi_nextsimtime_cb1.c,0.1420800183401546
bug_report_4.json,vpi_value_change_cb3.c,0.1420800183401546
bug_report_4.json,vpi_value_change_cb1.c,0.1420800183401546
bug_report_4.json,vpi_value_change_cb4.c,0.1420800183401546
bug_report_4.json,vpi_nextsimtime_cb3.c,0.1420800183401546
bug_report_4.json,vvp_main.cc,0.12855116663536054
bug_report_4.json,tgt-null_null.c,0.12280445891092456
bug_report_4.json,tgt-pcb_pcb.cc,0.12047286907933341
bug_report_4.json,tgt-vhdl_vhdl.cc,0.1095618223068194
bug_report_4.json,vhdlpp_main.cc,0.09786509219257462
bug_report_4.json,tgt-vvp_vvp.c,0.08244448472458064
bug_report_4.json,libveriuser_getinstance.c,0.07474022585476707
bug_report_4.json,vpi_pr2314742.c,0.07152249998239775
bug_report_4.json,libveriuser_a_handle_simulated_net.c,0.06725463846983738
bug_report_4.json,tgt-fpga_d-virtex2.c,0.06605264358997978
bug_report_4.json,libveriuser_a_compare_handles.c,0.06533575448561714
bug_report_4.json,libveriuser_priv.h,0.06489478037813896
bug_report_4.json,net_analog.cc,0.06441007472685653
bug_report_4.json,ivlpp_main.c,0.06332185006391415
bug_report_4.json,tgt-vlog95_vlog95.c,0.060703794855529465
bug_report_4.json,tgt-blif_blif.cc,0.05980637705509896
bug_report_4.json,libveriuser_a_handle_object.c,0.056100897568859075
bug_report_4.json,vpi_value_change_cb2.c,0.055896487399331236
bug_report_4.json,vpi_sim_time_cb2.c,0.055896487399331236
bug_report_4.json,vpi_nextsimtime_cb2.c,0.055896487399331236
bug_report_40.json,tgt-null_null.c,0.2909582114167103
bug_report_40.json,tgt-pcb_pcb.cc,0.26693503344137903
bug_report_40.json,vvp_main.cc,0.23797891740757993
bug_report_40.json,tgt-vhdl_vhdl.cc,0.22714481994339336
bug_report_40.json,tgt-vvp_vvp.c,0.16550709589556284
bug_report_40.json,vhdlpp_main.cc,0.16106769035833743
bug_report_40.json,src_main.c,0.14883384200903405
bug_report_40.json,tgt-vlog95_vlog95.c,0.13646376156133425
bug_report_40.json,tgt-blif_blif.cc,0.12513611528721438
bug_report_40.json,ivlpp_main.c,0.10599998530644777
bug_report_40.json,vvp_stop.cc,0.10513716114486729
bug_report_40.json,elab_lval.cc,0.0946599147956257
bug_report_40.json,tgt-vhdl_vhdl_syntax.cc,0.08853441411930771
bug_report_40.json,tgt-sizer_sizer.cc,0.07642911778584278
bug_report_40.json,vhdlpp_ivl_assert.h,0.06759424661287822
bug_report_40.json,ivl_assert.h,0.06557204643954748
bug_report_40.json,version_base.h,0.0654332044899613
bug_report_40.json,elaborate.cc,0.06417861752069648
bug_report_40.json,elab_expr.cc,0.06411521457886427
bug_report_40.json,main.cc,0.06329082101170544
bug_report_40.json,vpi_br_gh1041.c,0.06004179795520692
bug_report_40.json,elab_net.cc,0.05838664108994839
bug_report_40.json,netlist.cc,0.05455002311496196
bug_report_40.json,vvp_vpi_modules.cc,0.04976459684974929
bug_report_40.json,vhdlpp_expression.cc,0.049465841449668264
bug_report_40.json,elab_sig.cc,0.04900603317044276
bug_report_40.json,tgt-vhdl_support.cc,0.048556191304044635
bug_report_40.json,driver-vpi_main.c,0.048512735407072585
bug_report_40.json,netmisc.cc,0.04652779181709248
bug_report_40.json,tgt-vhdl_vhdl_element.cc,0.04550811908719667
bug_report_41.json,tgt-pcb_pcb.cc,0.16072757146808808
bug_report_41.json,tgt-null_null.c,0.1552383591450875
bug_report_41.json,tgt-vhdl_vhdl.cc,0.13208040215441744
bug_report_41.json,pad_to_width.cc,0.13074261103360219
bug_report_41.json,vvp_main.cc,0.12521894510831508
bug_report_41.json,dup_expr.cc,0.11794319991664415
bug_report_41.json,vhdlpp_main.cc,0.11455456580261947
bug_report_41.json,tgt-vhdl_state.cc,0.10613833383076776
bug_report_41.json,vvp_vpi_modules.cc,0.10435657359868017
bug_report_41.json,vvp_delay.cc,0.10080741918617553
bug_report_41.json,libveriuser_a_product_version.c,0.09940690159989576
bug_report_41.json,libveriuser_a_version.c,0.09940690159989576
bug_report_41.json,vhdlpp_vtype.cc,0.09320989032175186
bug_report_41.json,vhdlpp_library.cc,0.09252440564651819
bug_report_41.json,netmisc.cc,0.08835570665042385
bug_report_41.json,vhdlpp_architec.cc,0.08773523522929946
bug_report_41.json,tgt-vvp_vvp.c,0.08559310250885127
bug_report_41.json,tgt-vhdl_vhdl_syntax.cc,0.08522942446587817
bug_report_41.json,net_event.cc,0.08520407398579312
bug_report_41.json,tgt-vlog95_vlog95.c,0.0847579577829741
bug_report_41.json,synth.cc,0.08105554421679471
bug_report_41.json,tgt-vhdl_vhdl_element.cc,0.07938730624019293
bug_report_41.json,vhdlpp_expression.cc,0.07906193984209994
bug_report_41.json,driver_main.c,0.07623419860666601
bug_report_41.json,load_module.cc,0.07532380165973486
bug_report_41.json,eval_attrib.cc,0.07113418940272498
bug_report_41.json,main.cc,0.0705968080952947
bug_report_41.json,vvp_island_tran.cc,0.07005756201509254
bug_report_41.json,vhdlpp_scope.cc,0.06871972631476835
bug_report_41.json,vvp_stop.cc,0.06838976311840879
bug_report_42.json,src_misc.c,0.3055863733284545
bug_report_42.json,tgt-null_null.c,0.2799069366634556
bug_report_42.json,tgt-pcb_pcb.cc,0.2508397052004889
bug_report_42.json,tgt-vhdl_vhdl.cc,0.22157914647390395
bug_report_42.json,vvp_main.cc,0.21491927444043768
bug_report_42.json,tgt-vvp_vvp.c,0.15136791470188257
bug_report_42.json,vhdlpp_main.cc,0.14887912914085966
bug_report_42.json,tgt-vlog95_vlog95.c,0.1286905404172641
bug_report_42.json,tgt-blif_blif.cc,0.11838075662225274
bug_report_42.json,vvp_stop.cc,0.09984639934806538
bug_report_42.json,ivlpp_main.c,0.09108570929898938
bug_report_42.json,tgt-sizer_sizer.cc,0.07804350425066972
bug_report_42.json,tgt-vhdl_vhdl_syntax.cc,0.06171278990792493
bug_report_42.json,vhpi_finish.c,0.053682106922706606
bug_report_42.json,main.cc,0.05138657412585321
bug_report_42.json,elaborate.cc,0.04352951926873277
bug_report_42.json,elaborate_analog.cc,0.038443071075467156
bug_report_42.json,tgt-vhdl_support.cc,0.03750357361011658
bug_report_42.json,tgt-pal_imain.c,0.03658426876963204
bug_report_42.json,netmisc.cc,0.03603547890144255
bug_report_42.json,driver_main.c,0.03581939280345784
bug_report_42.json,elab_expr.cc,0.03543517672883103
bug_report_42.json,vvp_lib_main.cc,0.03303534090486942
bug_report_42.json,tgt-vhdl_vhdl_element.cc,0.03266899027621879
bug_report_42.json,Module.cc,0.03248460994095559
bug_report_42.json,vpi_sys_readmem.c,0.031880868494844276
bug_report_42.json,tgt-vvp_draw_class.c,0.0318430706750264
bug_report_42.json,version_base.h,0.03058368304967946
bug_report_42.json,tgt-vvp_draw_mux.c,0.030508098375927377
bug_report_42.json,tgt-vvp_draw_net_input.c,0.0304999346761285
bug_report_43.json,tgt-null_null.c,0.2904419054877305
bug_report_43.json,tgt-pcb_pcb.cc,0.2614819675297656
bug_report_43.json,tgt-vhdl_vhdl.cc,0.23517618209355712
bug_report_43.json,vvp_main.cc,0.22217642713941171
bug_report_43.json,vhdlpp_main.cc,0.19157401581225558
bug_report_43.json,vpi_br_gh1041.c,0.17706830015929761
bug_report_43.json,tgt-vvp_vvp.c,0.17298643730138788
bug_report_43.json,tgt-vlog95_vlog95.c,0.14846860687643923
bug_report_43.json,tgt-blif_blif.cc,0.12694508633173393
bug_report_43.json,ivlpp_main.c,0.11425958850633133
bug_report_43.json,vvp_stop.cc,0.10513715727253548
bug_report_43.json,elab_lval.cc,0.09512029667133011
bug_report_43.json,vvp_vpi_modules.cc,0.0881699815926432
bug_report_43.json,tgt-sizer_sizer.cc,0.07722530092091001
bug_report_43.json,dosify.c,0.07350789941847889
bug_report_43.json,main.cc,0.06765123558047059
bug_report_43.json,driver_main.c,0.06744527684981914
bug_report_43.json,vvp_vpi_time.cc,0.06715016210879536
bug_report_43.json,elaborate.cc,0.06280756986983056
bug_report_43.json,pform.cc,0.06259025825935748
bug_report_43.json,vvp_vpi_const.cc,0.05914399339279385
bug_report_43.json,vhdlpp_vtype_emit.cc,0.058667342580691485
bug_report_43.json,vpi_sys_readmem.c,0.0586294360944037
bug_report_43.json,elab_net.cc,0.05573055456851112
bug_report_43.json,vvp_vpi_priv.h,0.05564545392873619
bug_report_43.json,elab_expr.cc,0.054109698827567575
bug_report_43.json,vhdlpp_expression_emit.cc,0.052284199072038066
bug_report_43.json,vpi_sys_readmem_lex.h,0.052237004392087893
bug_report_43.json,vvp_vpi_bit.cc,0.050793036321039105
bug_report_43.json,vhdlpp_architec_emit.cc,0.05041148600221936
bug_report_44.json,vhdlpp_library.cc,0.13215686217098277
bug_report_44.json,vhdlpp_package.h,0.09635045558057038
bug_report_44.json,vhpi_finish.c,0.08663440963793428
bug_report_44.json,vpi_ports_params.c,0.08412911326452854
bug_report_44.json,vhdlpp_package.cc,0.07826604500792655
bug_report_44.json,libmisc_StringHeap.cc,0.07449133635542234
bug_report_44.json,elab_lval.cc,0.06589146065334574
bug_report_44.json,net_scope.cc,0.06504346412452729
bug_report_44.json,vhdlpp_package_emit.cc,0.06275339898212014
bug_report_44.json,vvp_main.cc,0.06260713741437963
bug_report_44.json,vpi_br_gh1041.c,0.05740707666909019
bug_report_44.json,vvp_vpi_modules.cc,0.056588505375836165
bug_report_44.json,Module.cc,0.052425010229299795
bug_report_44.json,vvp_part.cc,0.05066153590187882
bug_report_44.json,main.cc,0.04971188592430487
bug_report_44.json,PNamedItem.h,0.049531306217691216
bug_report_44.json,tgt-vhdl_stmt.cc,0.0494407249000069
bug_report_44.json,pform_package.cc,0.04867010825714697
bug_report_44.json,elab_sig.cc,0.04837848669966468
bug_report_44.json,net_nex_input.cc,0.04527800218780006
bug_report_44.json,vhdlpp_scope.cc,0.04516936765962124
bug_report_44.json,vpi_pr521.c,0.04479688624460858
bug_report_44.json,vhdlpp_parse_misc.h,0.04427669622768314
bug_report_44.json,sys_funcs.cc,0.04234079218785055
bug_report_44.json,vvp_stop.cc,0.041926256294316865
bug_report_44.json,dosify.c,0.04062411243843497
bug_report_44.json,vpi_br_gh308.c,0.04055227084609879
bug_report_44.json,vvp_event.cc,0.03973695740100942
bug_report_44.json,elab_scope.cc,0.039552469271729965
bug_report_44.json,pform.cc,0.03920102566586341
bug_report_45.json,vhdlpp_expression.cc,0.15740226593264553
bug_report_45.json,vvp_main.cc,0.14436862862211075
bug_report_45.json,tgt-null_null.c,0.13946575075714363
bug_report_45.json,tgt-pcb_pcb.cc,0.12423147577574031
bug_report_45.json,tgt-vhdl_vhdl.cc,0.10557470964375709
bug_report_45.json,tgt-vvp_vvp.c,0.0940220884729714
bug_report_45.json,vhdlpp_sequential.cc,0.09069951730420205
bug_report_45.json,vhdlpp_main.cc,0.08049432671160286
bug_report_45.json,vvp_stop.cc,0.08037820971593468
bug_report_45.json,pform_dump.cc,0.0777328620538205
bug_report_45.json,tgt-vhdl_vhdl_syntax.cc,0.07523906440327856
bug_report_45.json,tgt-vlog95_vlog95.c,0.07439553414707648
bug_report_45.json,elaborate_analog.cc,0.07360165856224991
bug_report_45.json,ivlpp_main.c,0.07204968596158046
bug_report_45.json,vvp_vpi_modules.cc,0.0720124700285433
bug_report_45.json,ivl_alloc.h,0.07027407052907408
bug_report_45.json,pform_pclass.cc,0.0691011343952199
bug_report_45.json,main.cc,0.06692693340977914
bug_report_45.json,tgt-blif_blif.cc,0.06361846515575856
bug_report_45.json,vhdlpp_vtype_emit.cc,0.061110440591850786
bug_report_45.json,vhdlpp_entity_emit.cc,0.06110388868776816
bug_report_45.json,vpi_sys_readmem_lex.h,0.05841456235574928
bug_report_45.json,vpi_v2005_math.c,0.05677607270682425
bug_report_45.json,vpi_va_math.c,0.05573143648181527
bug_report_45.json,vhdlpp_debug.cc,0.055419940038855454
bug_report_45.json,vpi_br_gh1041.c,0.053745269154725925
bug_report_45.json,vhdlpp_expression_emit.cc,0.05345154869027439
bug_report_45.json,Module.cc,0.052791607842102024
bug_report_45.json,tgt-stub_types.c,0.05247403691749884
bug_report_45.json,tgt-vhdl_support.cc,0.05138585561085465
bug_report_5.json,tgt-null_null.c,0.21186562589627408
bug_report_5.json,tgt-vhdl_vhdl_syntax.cc,0.19668709990970484
bug_report_5.json,vvp_main.cc,0.1922571550767268
bug_report_5.json,tgt-pcb_pcb.cc,0.18703854023698302
bug_report_5.json,vvp_resolv.h,0.16766893641843317
bug_report_5.json,tgt-vhdl_vhdl.cc,0.1601649420003982
bug_report_5.json,vpi_ports_params.c,0.13407131906147152
bug_report_5.json,vvp_part.cc,0.12166272755716583
bug_report_5.json,vvp_concat.cc,0.11731719111443958
bug_report_5.json,tgt-vvp_vvp.c,0.1125482066060425
bug_report_5.json,Module.cc,0.11251496567010434
bug_report_5.json,vhpi_finish.c,0.11233156548547019
bug_report_5.json,vhdlpp_entity_emit.cc,0.11229064331817125
bug_report_5.json,tgt-vvp_draw_ufunc.c,0.11165974610804737
bug_report_5.json,vvp_island_tran.cc,0.1110640511138233
bug_report_5.json,tgt-vlog95_vlog95.c,0.11067485954399824
bug_report_5.json,vvp_latch.cc,0.10787241761091843
bug_report_5.json,vvp_sfunc.h,0.10650475093696564
bug_report_5.json,vhdlpp_main.cc,0.10073633522024414
bug_report_5.json,vvp_event.cc,0.0994104134169976
bug_report_5.json,tgt-blif_blif.cc,0.09490835243742972
bug_report_5.json,vvp_dff.h,0.09237852298922239
bug_report_5.json,tgt-vhdl_vhdl_element.cc,0.09031782436032851
bug_report_5.json,vvp_resolv.cc,0.08851240156573513
bug_report_5.json,net_func.cc,0.08741923556226323
bug_report_5.json,vvp_dff.cc,0.08515208136502736
bug_report_5.json,vpi_br_gh1037.c,0.08410328748011951
bug_report_5.json,vvp_npmos.h,0.07994053668211813
bug_report_5.json,vvp_stop.cc,0.07954208556307937
bug_report_5.json,tgt-fpga_d-generic-edif.c,0.07916026969466157
bug_report_6.json,tgt-stub_stub.c,0.17241907108801632
bug_report_6.json,vvp_dff.cc,0.1346894482225818
bug_report_6.json,tgt-stub_expression.c,0.12799361809703702
bug_report_6.json,vpi_sys_display.c,0.11690824967537869
bug_report_6.json,elab_net.cc,0.1068595203160159
bug_report_6.json,tgt-vvp_vvp_scope.c,0.10611147820972347
bug_report_6.json,vvp_latch.cc,0.10394069646937451
bug_report_6.json,vpi_sys_readmem_lex.h,0.10374204801697276
bug_report_6.json,vvp_dff.h,0.10227076033422933
bug_report_6.json,expr_synth.cc,0.10055111388802013
bug_report_6.json,link_const.cc,0.09410773422321028
bug_report_6.json,vvp_vpi_signal.cc,0.0938204706280149
bug_report_6.json,vpi_ports_params.c,0.08574529097580656
bug_report_6.json,vpi_sys_scanf.c,0.08057441688869345
bug_report_6.json,nodangle.cc,0.07709244231021266
bug_report_6.json,tgt-vvp_draw_delay.c,0.0739696364068844
bug_report_6.json,tgt-vvp_draw_mux.c,0.07049510376402944
bug_report_6.json,Module.cc,0.06871562591955412
bug_report_6.json,tgt-stub_switches.c,0.06607730740418279
bug_report_6.json,vvp_latch.h,0.06602913632708864
bug_report_6.json,vvp_vpi_priv.cc,0.0642703134109125
bug_report_6.json,tgt-vhdl_scope.cc,0.0638011431198553
bug_report_6.json,tgt-blif_nex_data.cc,0.05766440012664603
bug_report_6.json,vvp_compile.h,0.05756459722249761
bug_report_6.json,vvp_enum_type.cc,0.05541819147093231
bug_report_6.json,vhdlpp_ivl_assert.h,0.054352032874626574
bug_report_6.json,tgt-pal_pads.c,0.05431880683511701
bug_report_6.json,netmisc.cc,0.05292467751207118
bug_report_6.json,ivl_assert.h,0.052728403115470716
bug_report_6.json,tgt-vvp_eval_string.c,0.052364011087047524
bug_report_7.json,Module.cc,0.17470799097527592
bug_report_7.json,vvp_main.cc,0.15264131181025736
bug_report_7.json,tgt-vvp_draw_vpi.c,0.1465588509745779
bug_report_7.json,vpi_getp.c,0.1295659095550717
bug_report_7.json,tgt-null_null.c,0.12748522357695263
bug_report_7.json,cadpli_cadpli.c,0.11725388350391232
bug_report_7.json,tgt-pcb_pcb.cc,0.11460508173036693
bug_report_7.json,vpi_fastlz.h,0.11374939885540619
bug_report_7.json,vhdlpp_ivl_assert.h,0.11068495024174324
bug_report_7.json,ivl_assert.h,0.10843083009287599
bug_report_7.json,tgt-vvp_vvp.c,0.1043158873521218
bug_report_7.json,tgt-vhdl_vhdl.cc,0.0986855093356725
bug_report_7.json,vpi_putp.c,0.0954161083094694
bug_report_7.json,vpi_mipname.c,0.09308612356417657
bug_report_7.json,Module.h,0.08882233453336474
bug_report_7.json,vpi_ports_params.c,0.08370919601516612
bug_report_7.json,vpi_fastlz.c,0.0833722676335798
bug_report_7.json,dosify.c,0.08213781458369399
bug_report_7.json,vvp_class_type.h,0.07459240293217903
bug_report_7.json,vpi_timescale.c,0.07418723830586008
bug_report_7.json,libveriuser_a_set_value.c,0.07407583443563698
bug_report_7.json,net_design.cc,0.07098063567721025
bug_report_7.json,vhdlpp_expression.cc,0.0707889522835329
bug_report_7.json,vvp_stop.cc,0.07005737227850269
bug_report_7.json,tgt-vlog95_vlog95.c,0.06874590826350094
bug_report_7.json,net_scope.cc,0.06745728281753914
bug_report_7.json,tgt-vvp_draw_delay.c,0.06726770533870663
bug_report_7.json,vhdlpp_vhdlnum.h,0.0655871559744892
bug_report_7.json,tgt-vlog95_numbers.c,0.06552383813294047
bug_report_7.json,vhdlpp_entity.h,0.0651830336770678
bug_report_8.json,tgt-vhdl_logic.cc,0.20967509787811148
bug_report_8.json,vpi_br_gh1041.c,0.172790994403096
bug_report_8.json,tgt-sizer_scan_logs.cc,0.16740659438106942
bug_report_8.json,vpi_ports_params.c,0.14621873396961957
bug_report_8.json,tgt-pal_enables.c,0.1246413674745206
bug_report_8.json,libveriuser_mc_scan_plusargs.c,0.11451894346970298
bug_report_8.json,vvp_vvp_object.cc,0.1016226330555996
bug_report_8.json,libveriuser_math.c,0.08331310678822121
bug_report_8.json,Module.cc,0.07939508537841056
bug_report_8.json,libveriuser_a_fetch_param.c,0.07718781826969007
bug_report_8.json,net_scope.cc,0.07087019584158133
bug_report_8.json,vvp_vvp_darray.cc,0.06655201334545895
bug_report_8.json,vvp_vpi_priv.cc,0.06648130237767748
bug_report_8.json,vvp_vpi_darray.cc,0.06537349692634063
bug_report_8.json,vpi_pokereg.cc,0.06347971658507766
bug_report_8.json,vpi_by_index.c,0.06263322746484838
bug_report_8.json,vpi_display_array.c,0.060609690505420755
bug_report_8.json,vpi_scanmem3.cc,0.060048898454083705
bug_report_8.json,vvp_vpi_cobject.cc,0.05878763141674428
bug_report_8.json,vpi_pr521.c,0.057414474501382144
bug_report_8.json,vpi_br_gh308.c,0.05433549113258458
bug_report_8.json,cadpli_cadpli.c,0.05399031987678867
bug_report_8.json,vvp_main.cc,0.04804984248747044
bug_report_8.json,vpi_br_gh1037.c,0.047448919751664674
bug_report_8.json,vpi_spec_delays.c,0.04696297579065902
bug_report_8.json,elab_expr.cc,0.04502815161910225
bug_report_8.json,libveriuser_a_set_value.c,0.04438441449424427
bug_report_8.json,net_design.cc,0.04365684975239856
bug_report_8.json,vpi_pr2314742.c,0.043352528638024565
bug_report_8.json,vpi_force_real.c,0.04332673795327132
bug_report_9.json,tgt-null_null.c,0.23124782837519975
bug_report_9.json,vhdlpp_expression.cc,0.20578957654440078
bug_report_9.json,tgt-pcb_pcb.cc,0.20285516255691663
bug_report_9.json,vvp_main.cc,0.1959898555175465
bug_report_9.json,tgt-vhdl_vhdl.cc,0.18853676955817808
bug_report_9.json,tgt-vvp_vvp.c,0.13189836072765093
bug_report_9.json,vhdlpp_main.cc,0.12986238946278192
bug_report_9.json,vhdlpp_sequential.cc,0.10804984397963395
bug_report_9.json,vvp_stop.cc,0.1043726446398171
bug_report_9.json,tgt-blif_blif.cc,0.10419102790175137
bug_report_9.json,tgt-vlog95_vlog95.c,0.10384387410724565
bug_report_9.json,vvp_vpi_time.cc,0.09691476060226006
bug_report_9.json,vhdlpp_vtype.cc,0.09453724001149327
bug_report_9.json,main.cc,0.09400193929935244
bug_report_9.json,ivlpp_main.c,0.09378052362333199
bug_report_9.json,tgt-vhdl_vhdl_syntax.cc,0.09286612715196355
bug_report_9.json,elab_lval.cc,0.08970615018537693
bug_report_9.json,vhdlpp_architec_emit.cc,0.08623999194513968
bug_report_9.json,tgt-vhdl_state.cc,0.08261648845547581
bug_report_9.json,pform_dump.cc,0.08116913011736249
bug_report_9.json,vhdlpp_entity_emit.cc,0.07794096528266097
bug_report_9.json,tgt-sizer_sizer.cc,0.07547241995971272
bug_report_9.json,vhdlpp_debug.cc,0.07427431113474203
bug_report_9.json,vhdlpp_sequential_emit.cc,0.07124612130117053
bug_report_9.json,tgt-vhdl_vhdl_element.cc,0.07123030735808897
bug_report_9.json,vhdlpp_subprogram_emit.cc,0.07045337860221351
bug_report_9.json,vvp_vpi_const.cc,0.06898933201150832
bug_report_9.json,ivl_alloc.h,0.06803600539970103
bug_report_9.json,Module.cc,0.06795105579669158
bug_report_9.json,elab_sig.cc,0.06791117462966556
